mean_fit_time,std_fit_time,mean_score_time,std_score_time,param_clf__max_depth,param_clf__max_features,param_clf__min_samples_leaf,param_clf__n_estimators,params,split0_test_score,split1_test_score,split2_test_score,split3_test_score,split4_test_score,mean_test_score,std_test_score,rank_test_score
1.874783706665039,0.05476084016308698,0.0519768238067627,0.02553243332702231,10,sqrt,1,100,"{'clf__max_depth': 10, 'clf__max_features': 'sqrt', 'clf__min_samples_leaf': 1, 'clf__n_estimators': 100}",0.7722041756130137,0.8203672138223108,0.7681794503350341,0.7995175993454517,0.7845590459389419,0.7889654970109504,0.01913025417942465,35
3.5369554996490478,0.18575344914549596,0.1629563331604004,0.03083549676335174,10,sqrt,1,200,"{'clf__max_depth': 10, 'clf__max_features': 'sqrt', 'clf__min_samples_leaf': 1, 'clf__n_estimators': 200}",0.7741079349372797,0.8238073140064149,0.7701146194171977,0.801096290675938,0.7831749967732063,0.7904602311620074,0.019796817145224153,31
5.2810554027557375,0.17963614019393342,0.15911927223205566,0.05465462271124259,10,sqrt,1,300,"{'clf__max_depth': 10, 'clf__max_features': 'sqrt', 'clf__min_samples_leaf': 1, 'clf__n_estimators': 300}",0.7736569563463606,0.8259217971556603,0.7688569935976686,0.8021418098629011,0.7835676905514235,0.7908290495028029,0.020927775049846054,27
1.8518609046936034,0.12423065991155795,0.08972983360290528,0.011560186242261227,10,sqrt,2,100,"{'clf__max_depth': 10, 'clf__max_features': 'sqrt', 'clf__min_samples_leaf': 2, 'clf__n_estimators': 100}",0.7741888778741367,0.8235031128180923,0.7654697012682476,0.8061153923850434,0.7856803560003026,0.7909914880691644,0.021202054901831344,25
3.4580838203430178,0.1179615441588284,0.10283946990966797,0.032769803971270065,10,sqrt,2,200,"{'clf__max_depth': 10, 'clf__max_features': 'sqrt', 'clf__min_samples_leaf': 2, 'clf__n_estimators': 200}",0.7744345015000131,0.8256266084577507,0.7665933529441571,0.8024647229817012,0.7832155076707307,0.7904669387108705,0.021258972677576333,29
5.251746082305909,0.16104312776166166,0.17419028282165527,0.026735483155819157,10,sqrt,2,300,"{'clf__max_depth': 10, 'clf__max_features': 'sqrt', 'clf__min_samples_leaf': 2, 'clf__n_estimators': 300}",0.7742600133482586,0.8231635912337237,0.7687382213868421,0.8013659720022068,0.7839122375426539,0.7902880071027371,0.019826576224579683,33
1.8553402423858643,0.1253791639597576,0.0913205623626709,0.017830646556158982,10,log2,1,100,"{'clf__max_depth': 10, 'clf__max_features': 'log2', 'clf__min_samples_leaf': 1, 'clf__n_estimators': 100}",0.7722041756130137,0.8203672138223108,0.7681794503350341,0.7995175993454517,0.7845590459389419,0.7889654970109504,0.01913025417942465,35
3.4580450534820555,0.12562776987337113,0.14366650581359863,0.014322808893101335,10,log2,1,200,"{'clf__max_depth': 10, 'clf__max_features': 'log2', 'clf__min_samples_leaf': 1, 'clf__n_estimators': 200}",0.7741079349372797,0.8238073140064149,0.7701146194171977,0.801096290675938,0.7831749967732063,0.7904602311620074,0.019796817145224153,31
5.306040477752686,0.1833663010120264,0.23538470268249512,0.02726588552421378,10,log2,1,300,"{'clf__max_depth': 10, 'clf__max_features': 'log2', 'clf__min_samples_leaf': 1, 'clf__n_estimators': 300}",0.7736569563463606,0.8259217971556603,0.7688569935976686,0.8021418098629011,0.7835676905514235,0.7908290495028029,0.020927775049846054,27
1.9492388725280763,0.23246020575363358,0.09845051765441895,0.017844372482389004,10,log2,2,100,"{'clf__max_depth': 10, 'clf__max_features': 'log2', 'clf__min_samples_leaf': 2, 'clf__n_estimators': 100}",0.7741888778741367,0.8235031128180923,0.7654697012682476,0.8061153923850434,0.7856803560003026,0.7909914880691644,0.021202054901831344,25
3.5622893810272216,0.2164665614585363,0.16713809967041016,0.02444443217063044,10,log2,2,200,"{'clf__max_depth': 10, 'clf__max_features': 'log2', 'clf__min_samples_leaf': 2, 'clf__n_estimators': 200}",0.7744345015000131,0.8256266084577507,0.7665933529441571,0.8024647229817012,0.7832155076707307,0.7904669387108705,0.021258972677576333,29
5.300084590911865,0.20800619505787118,0.20522603988647461,0.03727075539784088,10,log2,2,300,"{'clf__max_depth': 10, 'clf__max_features': 'log2', 'clf__min_samples_leaf': 2, 'clf__n_estimators': 300}",0.7742600133482586,0.8231635912337237,0.7687382213868421,0.8013659720022068,0.7839122375426539,0.7902880071027371,0.019826576224579683,33
2.7184707641601564,0.09180992242235861,0.1074307918548584,0.02163590697971701,20,sqrt,1,100,"{'clf__max_depth': 20, 'clf__max_features': 'sqrt', 'clf__min_samples_leaf': 1, 'clf__n_estimators': 100}",0.8294787149891906,0.8255990488545487,0.8001691765117127,0.8182475524510036,0.8079490706284629,0.8162887126869837,0.010898482918980205,7
5.460704040527344,0.31181421779483043,0.19520339965820313,0.017872819808786283,20,sqrt,1,200,"{'clf__max_depth': 20, 'clf__max_features': 'sqrt', 'clf__min_samples_leaf': 1, 'clf__n_estimators': 200}",0.831149513966851,0.8272457511703099,0.8003747023265912,0.8183059215488405,0.8077408149774457,0.8169633407980076,0.011567332485578815,1
8.276311540603638,0.28899322690081963,0.29770565032958984,0.0199517993106141,20,sqrt,1,300,"{'clf__max_depth': 20, 'clf__max_features': 'sqrt', 'clf__min_samples_leaf': 1, 'clf__n_estimators': 300}",0.8312298959044205,0.8278619901721576,0.7990350845637312,0.8182951556924564,0.808011900562282,0.8168868053790094,0.01204666135692279,3
2.8054627895355226,0.2642409248686297,0.11112971305847168,0.018754161998101062,20,sqrt,2,100,"{'clf__max_depth': 20, 'clf__max_features': 'sqrt', 'clf__min_samples_leaf': 2, 'clf__n_estimators': 100}",0.8309450324872096,0.824980381404371,0.7949018852911337,0.8150796016935224,0.80591574843049,0.8143645298613453,0.012948336884463438,19
5.415860176086426,0.30438882407003837,0.1877255916595459,0.011931723943022525,20,sqrt,2,200,"{'clf__max_depth': 20, 'clf__max_features': 'sqrt', 'clf__min_samples_leaf': 2, 'clf__n_estimators': 200}",0.8311087791051666,0.8267132794965225,0.7971370283806726,0.8176180959347134,0.808346709408498,0.8161847784651147,0.012327867924803042,9
7.987368392944336,0.17727501020327036,0.2710305690765381,0.02385697995868096,20,sqrt,2,300,"{'clf__max_depth': 20, 'clf__max_features': 'sqrt', 'clf__min_samples_leaf': 2, 'clf__n_estimators': 300}",0.8305279619778885,0.827688778885743,0.7977743565408447,0.8172086453677022,0.8073747068719943,0.8161148899288346,0.012293525265449013,13
2.8100210666656493,0.11493324462117119,0.11823911666870117,0.010207588777461415,20,log2,1,100,"{'clf__max_depth': 20, 'clf__max_features': 'log2', 'clf__min_samples_leaf': 1, 'clf__n_estimators': 100}",0.8294787149891906,0.8255990488545487,0.8001691765117127,0.8182475524510036,0.8079490706284629,0.8162887126869837,0.010898482918980205,7
5.43142671585083,0.12470949079021157,0.21281299591064454,0.014779084907881797,20,log2,1,200,"{'clf__max_depth': 20, 'clf__max_features': 'log2', 'clf__min_samples_leaf': 1, 'clf__n_estimators': 200}",0.831149513966851,0.8272457511703099,0.8003747023265912,0.8183059215488405,0.8077408149774457,0.8169633407980076,0.011567332485578815,1
8.222873449325562,0.36324219187350965,0.28087763786315917,0.03989165384189817,20,log2,1,300,"{'clf__max_depth': 20, 'clf__max_features': 'log2', 'clf__min_samples_leaf': 1, 'clf__n_estimators': 300}",0.8312298959044205,0.8278619901721576,0.7990350845637312,0.8182951556924564,0.808011900562282,0.8168868053790094,0.01204666135692279,3
2.8562474727630613,0.14962292816714112,0.10330018997192383,0.008322202137574161,20,log2,2,100,"{'clf__max_depth': 20, 'clf__max_features': 'log2', 'clf__min_samples_leaf': 2, 'clf__n_estimators': 100}",0.8309450324872096,0.824980381404371,0.7949018852911337,0.8150796016935224,0.80591574843049,0.8143645298613453,0.012948336884463438,19
5.278638553619385,0.15012409943939115,0.20239176750183105,0.01231190723339136,20,log2,2,200,"{'clf__max_depth': 20, 'clf__max_features': 'log2', 'clf__min_samples_leaf': 2, 'clf__n_estimators': 200}",0.8311087791051666,0.8267132794965225,0.7971370283806726,0.8176180959347134,0.808346709408498,0.8161847784651147,0.012327867924803042,9
7.934721183776856,0.3613642640541968,0.27645444869995117,0.03095847634517658,20,log2,2,300,"{'clf__max_depth': 20, 'clf__max_features': 'log2', 'clf__min_samples_leaf': 2, 'clf__n_estimators': 300}",0.8305279619778885,0.827688778885743,0.7977743565408447,0.8172086453677022,0.8073747068719943,0.8161148899288346,0.012293525265449013,13
3.139973497390747,0.5024206486635004,0.10869479179382324,0.016714301526229155,,sqrt,1,100,"{'clf__max_depth': None, 'clf__max_features': 'sqrt', 'clf__min_samples_leaf': 1, 'clf__n_estimators': 100}",0.8321589265058849,0.8290305688529178,0.8007075764044991,0.8028526155358664,0.8058791711838041,0.8141257716965944,0.013582975266012253,21
5.7925220966339115,0.32046983293447395,0.19889345169067382,0.021673863879332584,,sqrt,1,200,"{'clf__max_depth': None, 'clf__max_features': 'sqrt', 'clf__min_samples_leaf': 1, 'clf__n_estimators': 200}",0.8322496090846906,0.8286658967819596,0.8010120043767116,0.8093874964061691,0.8076203015130664,0.8157870616325195,0.012351781946495343,17
8.410599040985108,0.13376081727104333,0.2951813697814941,0.02302218566929515,,sqrt,1,300,"{'clf__max_depth': None, 'clf__max_features': 'sqrt', 'clf__min_samples_leaf': 1, 'clf__n_estimators': 300}",0.8316765232006623,0.8293853845654009,0.8024989432386347,0.8126801943990297,0.8065860893033021,0.8165654269414059,0.011876402813996188,5
2.9948912143707274,0.09326914361729459,0.09867715835571289,0.01771057733976894,,sqrt,2,100,"{'clf__max_depth': None, 'clf__max_features': 'sqrt', 'clf__min_samples_leaf': 2, 'clf__n_estimators': 100}",0.830919860252308,0.8232696227100141,0.7936731829242059,0.8097265154238084,0.8085031942017084,0.813218475102409,0.01289038949881458,23
5.497813606262207,0.20302412907486897,0.19760675430297853,0.018539369564516395,,sqrt,2,200,"{'clf__max_depth': None, 'clf__max_features': 'sqrt', 'clf__min_samples_leaf': 2, 'clf__n_estimators': 200}",0.8332296838765944,0.8275035732989604,0.7952888169168492,0.8150995260582782,0.8095276086865036,0.8161298417674372,0.013422113976923387,11
8.12546410560608,0.2932131004330807,0.3056974411010742,0.030895057673352756,,sqrt,2,300,"{'clf__max_depth': None, 'clf__max_features': 'sqrt', 'clf__min_samples_leaf': 2, 'clf__n_estimators': 300}",0.8323231440316528,0.82827297525042,0.7957693201148404,0.8132832584510026,0.809296632057122,0.8157890659810075,0.01325477062654135,15
3.009492111206055,0.11805853299037902,0.12004718780517579,0.01735922341264297,,log2,1,100,"{'clf__max_depth': None, 'clf__max_features': 'log2', 'clf__min_samples_leaf': 1, 'clf__n_estimators': 100}",0.8321589265058849,0.8290305688529178,0.8007075764044991,0.8028526155358664,0.8058791711838041,0.8141257716965944,0.013582975266012253,21
5.879524850845337,0.20186948930427545,0.1832124710083008,0.009887185176483296,,log2,1,200,"{'clf__max_depth': None, 'clf__max_features': 'log2', 'clf__min_samples_leaf': 1, 'clf__n_estimators': 200}",0.8322496090846906,0.8286658967819596,0.8010120043767116,0.8093874964061691,0.8076203015130664,0.8157870616325195,0.012351781946495343,17
8.451963090896607,0.28019217670977464,0.236167049407959,0.06542442194259014,,log2,1,300,"{'clf__max_depth': None, 'clf__max_features': 'log2', 'clf__min_samples_leaf': 1, 'clf__n_estimators': 300}",0.8316765232006623,0.8293853845654009,0.8024989432386347,0.8126801943990297,0.8065860893033021,0.8165654269414059,0.011876402813996188,5
2.9717856884002685,0.18651355199656547,0.09929227828979492,0.029450462425797564,,log2,2,100,"{'clf__max_depth': None, 'clf__max_features': 'log2', 'clf__min_samples_leaf': 2, 'clf__n_estimators': 100}",0.830919860252308,0.8232696227100141,0.7936731829242059,0.8097265154238084,0.8085031942017084,0.813218475102409,0.01289038949881458,23
5.424519968032837,0.1623610805749127,0.1656404972076416,0.03335983448346787,,log2,2,200,"{'clf__max_depth': None, 'clf__max_features': 'log2', 'clf__min_samples_leaf': 2, 'clf__n_estimators': 200}",0.8332296838765944,0.8275035732989604,0.7952888169168492,0.8150995260582782,0.8095276086865036,0.8161298417674372,0.013422113976923387,11
6.267611074447632,0.38614009252193665,0.06678013801574707,0.011375060589068235,,log2,2,300,"{'clf__max_depth': None, 'clf__max_features': 'log2', 'clf__min_samples_leaf': 2, 'clf__n_estimators': 300}",0.8323231440316528,0.82827297525042,0.7957693201148404,0.8132832584510026,0.809296632057122,0.8157890659810075,0.01325477062654135,15
