mean_fit_time,std_fit_time,mean_score_time,std_score_time,param_clf__colsample_bytree,param_clf__learning_rate,param_clf__max_depth,param_clf__n_estimators,param_clf__subsample,params,split0_test_score,split1_test_score,split2_test_score,split3_test_score,split4_test_score,mean_test_score,std_test_score,rank_test_score
1.4933411121368407,0.011343071041970217,0.011997318267822266,0.0010856524350189617,0.6,0.05,4,100,0.8,"{'clf__colsample_bytree': 0.6, 'clf__learning_rate': 0.05, 'clf__max_depth': 4, 'clf__n_estimators': 100, 'clf__subsample': 0.8}",0.8716437597579165,0.8817756827952343,0.9262653094242482,0.8539355590803048,0.8621805804533588,0.8791601783022125,0.025325161193995447,29
1.438931655883789,0.0573544741815394,0.011822843551635742,0.0010371934119940884,0.6,0.05,4,100,1.0,"{'clf__colsample_bytree': 0.6, 'clf__learning_rate': 0.05, 'clf__max_depth': 4, 'clf__n_estimators': 100, 'clf__subsample': 1.0}",0.8708718017145667,0.8791618668073433,0.9240996923953408,0.8519332100075828,0.8645868782871341,0.8781306898423935,0.02464405307427298,30
2.8736204147338866,0.08743509339626802,0.01872982978820801,0.001949379981768268,0.6,0.05,4,200,0.8,"{'clf__colsample_bytree': 0.6, 'clf__learning_rate': 0.05, 'clf__max_depth': 4, 'clf__n_estimators': 200, 'clf__subsample': 0.8}",0.8849616660754106,0.8885861342979916,0.9311934738085968,0.858943250012447,0.8730588448424171,0.8873486738073726,0.024251444964548608,17
2.937730550765991,0.15587220192401205,0.01848711967468262,0.0013440337771969731,0.6,0.05,4,200,1.0,"{'clf__colsample_bytree': 0.6, 'clf__learning_rate': 0.05, 'clf__max_depth': 4, 'clf__n_estimators': 200, 'clf__subsample': 1.0}",0.8831736889225545,0.8862173479436362,0.9277963350833587,0.8574072930472596,0.8704667257211295,0.8850122781435876,0.023701967974053252,23
2.7064722537994386,0.09950956113726725,0.016350317001342773,0.0017655934612973265,0.6,0.05,6,100,0.8,"{'clf__colsample_bytree': 0.6, 'clf__learning_rate': 0.05, 'clf__max_depth': 6, 'clf__n_estimators': 100, 'clf__subsample': 0.8}",0.8808110448014657,0.8896122162564207,0.9317169576793218,0.8623641625699504,0.8665257390345708,0.8862060240683458,0.02476974365379721,21
2.725896644592285,0.09901374445615657,0.01578688621520996,0.0015076926266196764,0.6,0.05,6,100,1.0,"{'clf__colsample_bytree': 0.6, 'clf__learning_rate': 0.05, 'clf__max_depth': 6, 'clf__n_estimators': 100, 'clf__subsample': 1.0}",0.8819131556826538,0.8913288772252114,0.932840410827505,0.8617322364887923,0.8693388508440291,0.8874307062136383,0.02488134623017714,15
4.894869232177735,0.12444970414654603,0.025223445892333985,0.0030529004073980705,0.6,0.05,6,200,0.8,"{'clf__colsample_bytree': 0.6, 'clf__learning_rate': 0.05, 'clf__max_depth': 6, 'clf__n_estimators': 200, 'clf__subsample': 0.8}",0.8905579067933559,0.8927192473986908,0.930797583809855,0.8666693946416494,0.875281290749666,0.8912050846786433,0.022026551314706364,3
4.925722408294678,0.15043963981423755,0.025461578369140626,0.002076836194311106,0.6,0.05,6,200,1.0,"{'clf__colsample_bytree': 0.6, 'clf__learning_rate': 0.05, 'clf__max_depth': 6, 'clf__n_estimators': 200, 'clf__subsample': 1.0}",0.8809035169570809,0.8955807292215923,0.9333736205373142,0.8627366918355274,0.8742392330140826,0.8893667583131195,0.0244329542781676,9
1.5440404891967774,0.036619472566311845,0.011383581161499023,0.0006119474840029176,0.6,0.1,4,100,0.8,"{'clf__colsample_bytree': 0.6, 'clf__learning_rate': 0.1, 'clf__max_depth': 4, 'clf__n_estimators': 100, 'clf__subsample': 0.8}",0.8896067917603744,0.8879133477139693,0.9277711904093524,0.8610641066564192,0.8708788451643106,0.8874468563408853,0.022810012400448904,14
1.506047773361206,0.05977048855166112,0.011759519577026367,0.001157634206198891,0.6,0.1,4,100,1.0,"{'clf__colsample_bytree': 0.6, 'clf__learning_rate': 0.1, 'clf__max_depth': 4, 'clf__n_estimators': 100, 'clf__subsample': 1.0}",0.8832874068310623,0.8881883773837136,0.9280556875175971,0.8575333205356793,0.8665535209421193,0.8847236626420344,0.024335982462468066,24
2.9673574447631834,0.1343221594183361,0.019877147674560548,0.0014340056612296267,0.6,0.1,4,200,0.8,"{'clf__colsample_bytree': 0.6, 'clf__learning_rate': 0.1, 'clf__max_depth': 4, 'clf__n_estimators': 200, 'clf__subsample': 0.8}",0.8908522938440853,0.8903993292507921,0.9337138382832592,0.864780095923038,0.8702189990176833,0.8899929112637717,0.024245068926958373,7
3.0032799243927,0.0899727566820975,0.019806528091430665,0.0033266756466063677,0.6,0.1,4,200,1.0,"{'clf__colsample_bytree': 0.6, 'clf__learning_rate': 0.1, 'clf__max_depth': 4, 'clf__n_estimators': 200, 'clf__subsample': 1.0}",0.888787217328981,0.8889809269582701,0.9297161542586386,0.8628746994339644,0.8689248185577196,0.8878567633075146,0.023395983188531384,11
2.374631071090698,0.1122570175035872,0.016126537322998048,0.0018723783005936464,0.6,0.1,6,100,0.8,"{'clf__colsample_bytree': 0.6, 'clf__learning_rate': 0.1, 'clf__max_depth': 6, 'clf__n_estimators': 100, 'clf__subsample': 0.8}",0.8860624177765652,0.8865563581722232,0.9288073242583798,0.8662899397010012,0.8694325252188239,0.8874297130253985,0.022295863928077787,16
2.3921082973480225,0.07321101103673774,0.015023279190063476,0.001074783988175244,0.6,0.1,6,100,1.0,"{'clf__colsample_bytree': 0.6, 'clf__learning_rate': 0.1, 'clf__max_depth': 6, 'clf__n_estimators': 100, 'clf__subsample': 1.0}",0.8857957882780277,0.8991888139490911,0.9307864207737038,0.8652768274702192,0.8700287634281444,0.8902153227798373,0.02356054136972469,6
4.267511415481567,0.05112431815053333,0.023163604736328124,0.0032493474653179713,0.6,0.1,6,200,0.8,"{'clf__colsample_bytree': 0.6, 'clf__learning_rate': 0.1, 'clf__max_depth': 6, 'clf__n_estimators': 200, 'clf__subsample': 0.8}",0.8918037013575938,0.8919211213226478,0.931602627645758,0.8673160087878694,0.8745114680892577,0.8914309854406254,0.02227977627428513,2
4.109113168716431,0.16414722355908895,0.022704553604125977,0.0021658137178669867,0.6,0.1,6,200,1.0,"{'clf__colsample_bytree': 0.6, 'clf__learning_rate': 0.1, 'clf__max_depth': 6, 'clf__n_estimators': 200, 'clf__subsample': 1.0}",0.8882645093921171,0.8967649686331058,0.9326468407932211,0.8680475773628549,0.873025843108922,0.8917499478580442,0.022900869119632614,1
1.6724411487579345,0.10902275335754329,0.011325645446777343,0.0007871014261702195,0.8,0.05,4,100,0.8,"{'clf__colsample_bytree': 0.8, 'clf__learning_rate': 0.05, 'clf__max_depth': 4, 'clf__n_estimators': 100, 'clf__subsample': 0.8}",0.8715926479387661,0.8773478896050062,0.9272881004954702,0.8493440931145566,0.8642271410606712,0.8779599744428941,0.0263880309664028,31
1.6566994667053223,0.10692237332024666,0.011678218841552734,0.0012027734277967408,0.8,0.05,4,100,1.0,"{'clf__colsample_bytree': 0.8, 'clf__learning_rate': 0.05, 'clf__max_depth': 4, 'clf__n_estimators': 100, 'clf__subsample': 1.0}",0.8682930288244126,0.8754750141602282,0.9236406213231162,0.8507372944728361,0.8583249191826983,0.8752941755926583,0.025602436004670333,32
3.293421173095703,0.07377975266723628,0.01826901435852051,0.0015837396725710317,0.8,0.05,4,200,0.8,"{'clf__colsample_bytree': 0.8, 'clf__learning_rate': 0.05, 'clf__max_depth': 4, 'clf__n_estimators': 200, 'clf__subsample': 0.8}",0.8849723677822574,0.8899180475135682,0.9309491205530013,0.8580114318210392,0.8703463015433366,0.8868394538426404,0.024745526355657195,18
3.240923023223877,0.13374525832262305,0.021143341064453126,0.0038023180957566195,0.8,0.05,4,200,1.0,"{'clf__colsample_bytree': 0.8, 'clf__learning_rate': 0.05, 'clf__max_depth': 4, 'clf__n_estimators': 200, 'clf__subsample': 1.0}",0.8778022373468785,0.8882160345891211,0.9321305931292605,0.85440119274973,0.8654002053933255,0.8835900526416631,0.026810231891580445,27
2.6803004264831545,0.11025735567204435,0.01525411605834961,0.0013994158037198795,0.8,0.05,6,100,0.8,"{'clf__colsample_bytree': 0.8, 'clf__learning_rate': 0.05, 'clf__max_depth': 6, 'clf__n_estimators': 100, 'clf__subsample': 0.8}",0.8788627060272518,0.8884640725060735,0.932722131160278,0.8541658141884887,0.8649353813958562,0.8838300210555896,0.027105570124425656,26
2.7528032302856444,0.09700815548137154,0.015137195587158203,0.0011164210594483298,0.8,0.05,6,100,1.0,"{'clf__colsample_bytree': 0.8, 'clf__learning_rate': 0.05, 'clf__max_depth': 6, 'clf__n_estimators': 100, 'clf__subsample': 1.0}",0.8790647513560959,0.8852642521934692,0.9297140001513319,0.8567812437122676,0.8623791407074493,0.8826406776241228,0.025748041814527438,28
5.110437393188477,0.09221520941622653,0.025630378723144533,0.0026895215937169656,0.8,0.05,6,200,0.8,"{'clf__colsample_bytree': 0.8, 'clf__learning_rate': 0.05, 'clf__max_depth': 6, 'clf__n_estimators': 200, 'clf__subsample': 0.8}",0.8856346457424381,0.8927989275525123,0.9335709766736634,0.8583884862577836,0.867783865170391,0.8876353802793575,0.02603923054646813,12
5.02659649848938,0.20935657843725083,0.024896574020385743,0.0019965799846570023,0.8,0.05,6,200,1.0,"{'clf__colsample_bytree': 0.8, 'clf__learning_rate': 0.05, 'clf__max_depth': 6, 'clf__n_estimators': 200, 'clf__subsample': 1.0}",0.881534879811035,0.8945612014155871,0.9338081787322494,0.8622451267689166,0.8659597986126348,0.8876218370680846,0.02581319553317174,13
1.6287267684936524,0.06087843035589471,0.011276531219482421,0.0004619122905185596,0.8,0.1,4,100,0.8,"{'clf__colsample_bytree': 0.8, 'clf__learning_rate': 0.1, 'clf__max_depth': 4, 'clf__n_estimators': 100, 'clf__subsample': 0.8}",0.8788593288416867,0.8917032851886081,0.9353084262452906,0.8562698196279162,0.8709885455257089,0.8866258810858421,0.026915074958258282,19
1.6169538497924805,0.05010521670339051,0.011485671997070313,0.0007352600545587876,0.8,0.1,4,100,1.0,"{'clf__colsample_bytree': 0.8, 'clf__learning_rate': 0.1, 'clf__max_depth': 4, 'clf__n_estimators': 100, 'clf__subsample': 1.0}",0.8784574210319258,0.8879400639851442,0.9328809614946603,0.8577123302656657,0.8663535606763331,0.8846688674907458,0.02621371459649028,25
3.2352749347686767,0.11936267720825004,0.018175363540649414,0.0015543267685982278,0.8,0.1,4,200,0.8,"{'clf__colsample_bytree': 0.8, 'clf__learning_rate': 0.1, 'clf__max_depth': 4, 'clf__n_estimators': 200, 'clf__subsample': 0.8}",0.8874304324953688,0.8901109043658054,0.9363853957440895,0.8607373585289609,0.8775134970698674,0.8904355176408185,0.025177317086951402,4
3.2222132205963137,0.09710444902167673,0.01872091293334961,0.001885228778651169,0.8,0.1,4,200,1.0,"{'clf__colsample_bytree': 0.8, 'clf__learning_rate': 0.1, 'clf__max_depth': 4, 'clf__n_estimators': 200, 'clf__subsample': 1.0}",0.8868649018013706,0.8941644075399559,0.9329487722061711,0.861508527389007,0.8665335799561618,0.8884040377785333,0.02538294533361541,10
2.524039697647095,0.15488843724709958,0.014859867095947266,0.0015201772050680762,0.8,0.1,6,100,0.8,"{'clf__colsample_bytree': 0.8, 'clf__learning_rate': 0.1, 'clf__max_depth': 6, 'clf__n_estimators': 100, 'clf__subsample': 0.8}",0.8807223473067246,0.8877610467216492,0.9353988889275158,0.8597377577463553,0.8690768042753333,0.8865393689955157,0.02625204928358009,20
2.43971266746521,0.4688406162080338,0.015423870086669922,0.0008871947207839078,0.8,0.1,6,100,1.0,"{'clf__colsample_bytree': 0.8, 'clf__learning_rate': 0.1, 'clf__max_depth': 6, 'clf__n_estimators': 100, 'clf__subsample': 1.0}",0.8797276001328115,0.895399678661332,0.9331450024546482,0.8553283120437825,0.8671309150557459,0.8861463016696639,0.02700753970025152,22
4.001005029678344,0.7606175696813618,0.025310468673706055,0.005745073249671331,0.8,0.1,6,200,0.8,"{'clf__colsample_bytree': 0.8, 'clf__learning_rate': 0.1, 'clf__max_depth': 6, 'clf__n_estimators': 200, 'clf__subsample': 0.8}",0.8857558243410629,0.8943205225642711,0.9365350612342165,0.8659729984519458,0.8695758042594705,0.8904320421701934,0.025281230742106312,5
3.663743495941162,0.7814000573942775,0.01508626937866211,0.0011983717319821413,0.8,0.1,6,200,1.0,"{'clf__colsample_bytree': 0.8, 'clf__learning_rate': 0.1, 'clf__max_depth': 6, 'clf__n_estimators': 200, 'clf__subsample': 1.0}",0.8865872425468341,0.8986714842309783,0.9334033627244785,0.8590635367109157,0.8695278832032711,0.8894507018832956,0.025866415031332003,8
